{
  "MILP": {
    "cost": 404.24007942429716,
    "time": 0.000110626220703125,
    "iterations": "N/A"
  },
  "Dijkstra": {
    "cost": 59.71457624525796,
    "time": 0.00012612342834472656,
    "iterations": "N/A"
  },
  "GA": {
    "cost": 508.32479291015477,
    "time": 0.21715116500854492,
    "iterations": "100"
  },
  "PSO": {
    "cost": 751.6077356311132,
    "time": 0.03258109092712402,
    "iterations": "100"
  },
  "SA": {
    "cost": 352.7501836350853,
    "time": 12.987436294555664,
    "iterations": "413500"
  },
  "A*": {
    "cost": 1106.6005122190222,
    "time": 0.0011279582977294922,
    "iterations": "20"
  },
  "MST": {
    "cost": 459.73493975002845,
    "time": 0.00016689300537109375,
    "iterations": "N/A"
  },
  "VNS": {
    "cost": 347.1329516658456,
    "time": 1.6193578243255615,
    "iterations": "175"
  },
  "TS": {
    "cost": 349.49616128067777,
    "time": 0.42816162109375,
    "iterations": "256"
  },
  "ACO": {
    "cost": 373.3113954174462,
    "time": 2.091984748840332,
    "iterations": "100"
  }
}